dhansen0,Danica,Hansen,dhansen0@qq.com
gcumpton1,Grata,Cumpton,gcumpton1@nymag.com
sarkill2,Stevy,Arkill,sarkill2@usnews.com
bmcvrone3,Brock,McVrone,bmcvrone3@google.com
cnathan4,Clareta,Nathan,cnathan4@weather.com
gpren5,Glynnis,Pren,gpren5@360.cn
gdreakin6,Godart,Dreakin,gdreakin6@nature.com
npriditt7,Nataniel,Priditt,npriditt7@amazon.de
fhuxham8,Fay,Huxham,fhuxham8@illinois.edu
awilcher9,Alford,Wilcher,awilcher9@hud.gov
arisdalla,Annabela,Risdall,arisdalla@nifty.com
aperkinsb,Alix,Perkins,aperkinsb@facebook.com
tfallac,Tiffany,Falla,tfallac@wordpress.com
bleachmand,Brita,Leachman,bleachmand@theatlantic.com
dbubbe,Donnie,Bubb,dbubbe@google.ru
wgiannonif,Willdon,Giannoni,wgiannonif@creativecommons.org
rblaisdaleg,Romola,Blaisdale,rblaisdaleg@jalbum.net
afidoeh,Arluene,Fidoe,afidoeh@dedecms.com
tdorini,Tommy,Dorin,tdorini@washingtonpost.com
dtrebblej,Delora,Trebble,dtrebblej@cafepress.com
xblinermank,Xylia,Blinerman,xblinermank@netlog.com
asteeplesl,Adi,Steeples,asteeplesl@technorati.com
ldougherm,Lane,Dougher,ldougherm@merriam-webster.com
bcarpentern,Beverlie,Carpenter,bcarpentern@ibm.com
lgerardeto,Lorin,Gerardet,lgerardeto@zdnet.com
jmcilrathp,Joella,McIlrath,jmcilrathp@loc.gov
majsikq,Mil,Ajsik,majsikq@marketwatch.com
wsmythinr,Wilfred,Smythin,wsmythinr@php.net
epinchins,Edsel,Pinchin,epinchins@123-reg.co.uk
rclaceyt,Rubie,Clacey,rclaceyt@pbs.org
cgoodladu,Chevalier,Goodlad,cgoodladu@ebay.com
zmanueliv,Zelig,Manueli,zmanueliv@ed.gov
bgronow,Bill,Grono,bgronow@army.mil
mworsallsx,Morton,Worsalls,mworsallsx@usnews.com
gbellowy,Gregorio,Bellow,gbellowy@sciencedaily.com
ltiemanz,Lana,Tieman,ltiemanz@loc.gov
aphilipart10,Alane,Philipart,aphilipart10@over-blog.com
dgulley11,Deonne,Gulley,dgulley11@scribd.com
mmabson12,Minette,Mabson,mmabson12@cdbaby.com
mdeeny13,Maighdiln,Deeny,mdeeny13@rambler.ru
rdeeth14,Renelle,Deeth,rdeeth14@photobucket.com
mmont15,Mariya,Mont,mmont15@symantec.com
lromera16,Lin,Romera,lromera16@java.com
gmacias17,Guss,Macias,gmacias17@nymag.com
wtrayes18,Wesley,Trayes,wtrayes18@youku.com
sjoliffe19,Stephanus,Joliffe,sjoliffe19@umich.edu
dsiemandl1a,Devonna,Siemandl,dsiemandl1a@aol.com
njore1b,Nikolai,Jore,njore1b@ocn.ne.jp
ldomingues1c,Lenette,Domingues,ldomingues1c@bandcamp.com
strencher1d,Selina,Trencher,strencher1d@merriam-webster.com
scorragan1e,Shelton,Corragan,scorragan1e@spiegel.de
hhuge1f,Hubey,Huge,hhuge1f@yolasite.com
bfann1g,Benjamin,Fann,bfann1g@youku.com
noherlihy1h,Nada,Oherlihy,noherlihy1h@intel.com
ugrinyakin1i,Udale,Grinyakin,ugrinyakin1i@time.com
ilinneman1j,Ileana,Linneman,ilinneman1j@com.com
mletson1k,Mary,Letson,mletson1k@linkedin.com
csaunier1l,Consolata,Saunier,csaunier1l@rambler.ru
menrico1m,Maison,Enrico,menrico1m@reuters.com
ehayworth1n,Eben,Hayworth,ehayworth1n@cbsnews.com
lfligg1o,Lindie,Fligg,lfligg1o@marketwatch.com
jgreim1p,Jonas,Greim,jgreim1p@livejournal.com
cfranklin1q,Charlean,Franklin,cfranklin1q@nhs.uk
dpenning1r,Dorise,Penning,dpenning1r@nationalgeographic.com
ckeetley1s,Cristina,Keetley,ckeetley1s@netvibes.com
rsurmon1t,Raimundo,Surmon,rsurmon1t@toplist.cz
jlening1u,Jasun,Lening,jlening1u@comsenz.com
osorsby1v,Ofilia,Sorsby,osorsby1v@auda.org.au
gedgcumbe1w,Gib,Edgcumbe,gedgcumbe1w@cisco.com
mbagg1x,Mildred,Bagg,mbagg1x@gizmodo.com
amerrick1y,Aylmar,Merrick,amerrick1y@tripadvisor.com
cstirman1z,Carole,Stirman,cstirman1z@smugmug.com
focorr20,Freddie,O'Corr,focorr20@engadget.com
uiremonger21,Ula,Iremonger,uiremonger21@marriott.com
ahuscroft22,Alfi,Huscroft,ahuscroft22@toplist.cz
rdiscombe23,Rosette,Discombe,rdiscombe23@flavors.me
htours24,Hernando,Tours,htours24@cmu.edu
arumsby25,Ab,Rumsby,arumsby25@arstechnica.com
ediruggero26,Ella,Di Ruggero,ediruggero26@amazonaws.com
omonelle27,Ola,Monelle,omonelle27@bluehost.com
kashplant28,Kelby,Ashplant,kashplant28@paginegialle.it
gganley29,Garvy,Ganley,gganley29@google.com
fhoodspeth2a,Farly,Hoodspeth,fhoodspeth2a@skyrock.com
hskeldinge2b,Helli,Skeldinge,hskeldinge2b@msu.edu
bkemwal2c,Butch,Kemwal,bkemwal2c@fda.gov
ktreanor2d,Katie,Treanor,ktreanor2d@cpanel.net
xgarlette2e,Xymenes,Garlette,xgarlette2e@nature.com
stilney2f,Silvester,Tilney,stilney2f@nifty.com
tdyke2g,Timmy,Dyke,tdyke2g@gov.uk
baddy2h,Babara,Addy,baddy2h@hc360.com
avennings2i,Annetta,Vennings,avennings2i@deliciousdays.com
gvanhalen2j,Gradey,Van Halen,gvanhalen2j@ustream.tv
glawles2k,Geralda,Lawles,glawles2k@infoseek.co.jp
echampe2l,Edith,Champe,echampe2l@senate.gov
skempstone2m,Simone,Kempstone,skempstone2m@ucoz.com
kcorradino2n,Kaine,Corradino,kcorradino2n@creativecommons.org
efairtlough2o,Estele,Fairtlough,efairtlough2o@fc2.com
ldarrington2p,Lacie,Darrington,ldarrington2p@google.com.br
ftreby2q,Farley,Treby,ftreby2q@storify.com
bshenfisch2r,Barr,Shenfisch,bshenfisch2r@etsy.com
cmacpeice2s,Carmela,MacPeice,cmacpeice2s@narod.ru
eallaker2t,Ester,Allaker,eallaker2t@eepurl.com
hstockoe2u,Hernando,Stockoe,hstockoe2u@springer.com
pseemmonds2v,Paquito,Seemmonds,pseemmonds2v@youku.com
dtatchell2w,Deni,Tatchell,dtatchell2w@infoseek.co.jp
afairham2x,Amy,Fairham,afairham2x@eventbrite.com
japplewhite2y,Jacquenette,Applewhite,japplewhite2y@dyndns.org
jmaud2z,Jocelyne,Maud,jmaud2z@google.pl
gmanilo30,Goober,Manilo,gmanilo30@ox.ac.uk
lgullberg31,Leroy,Gullberg,lgullberg31@flickr.com
jfridaye32,Jdavie,Fridaye,jfridaye32@123-reg.co.uk
mchopy33,Maribel,Chopy,mchopy33@opera.com
scrowder34,Sutherland,Crowder,scrowder34@gizmodo.com
cwhicher35,Chrissie,Whicher,cwhicher35@skyrock.com
bhornbuckle36,Briano,Hornbuckle,bhornbuckle36@cpanel.net
rmountain37,Rosemarie,Mountain,rmountain37@dyndns.org
fdedden38,Felicia,Dedden,fdedden38@state.gov
mbowfin39,Maryellen,Bowfin,mbowfin39@jimdo.com
jmunroe3a,Joyan,Munroe,jmunroe3a@ustream.tv
pzouch3b,Palmer,Zouch,pzouch3b@cargocollective.com
wmonckton3c,Ward,Monckton,wmonckton3c@webmd.com
fmustard3d,Farra,Mustard,fmustard3d@oaic.gov.au
qpassfield3e,Quinton,Passfield,qpassfield3e@1688.com
scoule3f,Shalne,Coule,scoule3f@jigsy.com
bbultitude3g,Binni,Bultitude,bbultitude3g@blogger.com
aheinemann3h,Amery,Heinemann,aheinemann3h@dot.gov
cpundy3i,Christophorus,Pundy,cpundy3i@boston.com
lthorowgood3j,Lilla,Thorowgood,lthorowgood3j@woothemes.com
kmaccarrick3k,Khalil,MacCarrick,kmaccarrick3k@ocn.ne.jp
jcroxford3l,Jilleen,Croxford,jcroxford3l@1und1.de
vbissett3m,Vernor,Bissett,vbissett3m@wikipedia.org
certel3n,Catherine,Ertel,certel3n@ezinearticles.com
miceton3o,Malissa,Iceton,miceton3o@tmall.com
lperello3p,Lamont,Perello,lperello3p@instagram.com
doakshott3q,Donalt,Oakshott,doakshott3q@oracle.com
srookeby3r,Sylas,Rookeby,srookeby3r@51.la
rdank3s,Ruggiero,Dank,rdank3s@pagesperso-orange.fr
jcockburn3t,Jamesy,Cockburn,jcockburn3t@uiuc.edu
apowdrill3u,Adena,Powdrill,apowdrill3u@flavors.me
dagney3v,Dwight,Agney,dagney3v@reference.com
eduncan3w,Ernaline,Duncan,eduncan3w@engadget.com
cdudgeon3x,Cyrillus,Dudgeon,cdudgeon3x@icio.us
nmalec3y,Noni,Malec,nmalec3y@europa.eu
ditzkovwich3z,Doria,Itzkovwich,ditzkovwich3z@posterous.com
dmatas40,Devonne,Matas,dmatas40@so-net.ne.jp
rsimanenko41,Regan,Simanenko,rsimanenko41@princeton.edu
kboost42,Krissie,Boost,kboost42@pcworld.com
apitone43,Abra,Pitone,apitone43@aol.com
mkippins44,Marni,Kippins,mkippins44@flavors.me
aleadbeatter45,Adina,Leadbeatter,aleadbeatter45@yale.edu
khalsey46,Kathy,Halsey,khalsey46@un.org
amiko47,Audi,Miko,amiko47@diigo.com
dfisby48,Davey,Fisby,dfisby48@quantcast.com
eelecum49,Elyse,Elecum,eelecum49@bizjournals.com
bboffin4a,Betsy,Boffin,bboffin4a@xrea.com
dblanning4b,Dorotea,Blanning,dblanning4b@fc2.com
acyphus4c,Ali,Cyphus,acyphus4c@ifeng.com
rwhittick4d,Ruthanne,Whittick,rwhittick4d@acquirethisname.com
ckornousek4e,Corene,Kornousek,ckornousek4e@gnu.org
jswan4f,Janek,Swan,jswan4f@discuz.net
hbasil4g,Helaina,Basil,hbasil4g@craigslist.org
mwalley4h,Morissa,Walley,mwalley4h@alexa.com
gkellington4i,Gloriana,Kellington,gkellington4i@weather.com
cpalister4j,Christos,Palister,cpalister4j@vimeo.com
bhitschke4k,Barn,Hitschke,bhitschke4k@alexa.com
tnaerup4l,Teodor,Naerup,tnaerup4l@myspace.com
dmitcham4m,Denney,Mitcham,dmitcham4m@rambler.ru
sgoodliffe4n,Syman,Goodliffe,sgoodliffe4n@shareasale.com
wcozens4o,Wenda,Cozens,wcozens4o@va.gov
jbillyeald4p,Jo,Billyeald,jbillyeald4p@hatena.ne.jp
bcarrick4q,Burl,Carrick,bcarrick4q@chron.com
crennick4r,Cosette,Rennick,crennick4r@google.it
iivanshintsev4s,Ilsa,Ivanshintsev,iivanshintsev4s@fda.gov
gandren4t,Grazia,Andren,gandren4t@theguardian.com
kmarty4u,Kathrine,Marty,kmarty4u@people.com.cn
wharfoot4v,Wyatt,Harfoot,wharfoot4v@youtu.be
paddekin4w,Page,Addekin,paddekin4w@timesonline.co.uk
ksteane4x,Kerstin,Steane,ksteane4x@domainmarket.com
wboucher4y,Wald,Boucher,wboucher4y@reverbnation.com
klethieulier4z,Kalle,Lethieulier,klethieulier4z@home.pl
chafner50,Cherish,Hafner,chafner50@fastcompany.com
jteale51,Jeanie,Teale,jteale51@icq.com
asteeples52,Angus,Steeples,asteeples52@springer.com
dsatteford53,Devonne,Satteford,dsatteford53@gravatar.com
sarangy54,Shelbi,Arangy,sarangy54@sbwire.com
vgarth55,Vernon,Garth,vgarth55@sakura.ne.jp
lwickendon56,Lona,Wickendon,lwickendon56@addtoany.com
ahammand57,Alisha,Hammand,ahammand57@live.com
ebedlington58,Edeline,Bedlington,ebedlington58@blog.com
rdunseith59,Rutledge,Dunseith,rdunseith59@chicagotribune.com
tlill5a,Tyrus,Lill,tlill5a@constantcontact.com
cmclucas5b,Currie,McLucas,cmclucas5b@newyorker.com
ahedworth5c,Alexandr,Hedworth,ahedworth5c@cpanel.net
mstiddard5d,Martie,Stiddard,mstiddard5d@yellowpages.com
selkins5e,Stinky,Elkins,selkins5e@stumbleupon.com
awoodroofe5f,Ancell,Woodroofe,awoodroofe5f@oaic.gov.au
dralls5g,Drusy,Ralls,dralls5g@nba.com
mtarbath5h,Melanie,Tarbath,mtarbath5h@wisc.edu
kcano5i,Katya,Cano,kcano5i@hubpages.com
gsirey5j,Gilles,Sirey,gsirey5j@cocolog-nifty.com
tseide5k,Thacher,Seide,tseide5k@miitbeian.gov.cn
mlittlecote5l,Manfred,Littlecote,mlittlecote5l@shinystat.com
nsweetnam5m,Nadya,Sweetnam,nsweetnam5m@deliciousdays.com
qbracco5n,Quinn,Bracco,qbracco5n@epa.gov
tgarbett5o,Trueman,Garbett,tgarbett5o@java.com
aborland5p,Anderson,Borland,aborland5p@umn.edu
talmey5q,Timotheus,Almey,talmey5q@odnoklassniki.ru
pvinecombe5r,Pennie,Vinecombe,pvinecombe5r@wufoo.com
fcowsby5s,Faunie,Cowsby,fcowsby5s@marketwatch.com
lskin5t,Linc,Skin,lskin5t@privacy.gov.au
kdyer5u,Kinna,Dyer,kdyer5u@oakley.com
mtwitty5v,Marja,Twitty,mtwitty5v@eventbrite.com
hdamper5w,Herculie,Damper,hdamper5w@meetup.com
bambrosoni5x,Brana,Ambrosoni,bambrosoni5x@ca.gov
nkarpeev5y,Niccolo,Karpeev,nkarpeev5y@fotki.com
llucian5z,Lenci,Lucian,llucian5z@si.edu
fhucklesby60,Farris,Hucklesby,fhucklesby60@google.cn
jtunnock61,Jo,Tunnock,jtunnock61@bigcartel.com
spietrusiak62,Shelly,Pietrusiak,spietrusiak62@columbia.edu
bhullett63,Bethena,Hullett,bhullett63@mashable.com
saldwich64,Susanne,Aldwich,saldwich64@biglobe.ne.jp
rhousaman65,Raimund,Housaman,rhousaman65@wikipedia.org
jnapton66,Jon,Napton,jnapton66@independent.co.uk
titzak67,Townie,Itzak,titzak67@nih.gov
goakland68,Gabbie,Oakland,goakland68@nps.gov
pdadda69,Pebrook,D'Adda,pdadda69@free.fr
soddie6a,Sabina,Oddie,soddie6a@jimdo.com
dliquorish6b,Debor,Liquorish,dliquorish6b@last.fm
cduerden6c,Culley,Duerden,cduerden6c@abc.net.au
ostreeter6d,Ora,Streeter,ostreeter6d@a8.net
eholdey6e,Elvira,Holdey,eholdey6e@mit.edu
pdayborne6f,Phyllida,Dayborne,pdayborne6f@usda.gov
gcleever6g,Genevieve,Cleever,gcleever6g@cdc.gov
qsimone6h,Quintilla,Simone,qsimone6h@scientificamerican.com
bvarran6i,Boony,Varran,bvarran6i@blog.com
ltraill6j,Liz,Traill,ltraill6j@parallels.com
hgiff6k,Hedvig,Giff,hgiff6k@yahoo.co.jp
rschohier6l,Rogers,Schohier,rschohier6l@seattletimes.com
bbliss6m,Brandice,Bliss,bbliss6m@europa.eu
tchorley6n,Terese,Chorley,tchorley6n@squarespace.com
mchristmas6o,Mireielle,Christmas,mchristmas6o@huffingtonpost.com
rhaily6p,Reggi,Haily,rhaily6p@fema.gov
mmackay6q,Matty,MacKay,mmackay6q@psu.edu
djacobovitch6r,Della,Jacobovitch,djacobovitch6r@cloudflare.com
dbroggio6s,Donna,Broggio,dbroggio6s@businesswire.com
ehembery6t,Eberto,Hembery,ehembery6t@ibm.com
emcgilvray6u,Euphemia,McGilvray,emcgilvray6u@e-recht24.de
rshillabeare6v,Rollie,Shillabeare,rshillabeare6v@huffingtonpost.com
jwhyteman6w,Jenda,Whyteman,jwhyteman6w@ebay.com
spettendrich6x,Sheila-kathryn,Pettendrich,spettendrich6x@arizona.edu
eswancott6y,Eric,Swancott,eswancott6y@mapquest.com
acantwell6z,Ashly,Cantwell,acantwell6z@forbes.com
odowears70,Orlando,Dowears,odowears70@zimbio.com
sfolder71,Sianna,Folder,sfolder71@state.tx.us
eshevell72,Elicia,Shevell,eshevell72@yelp.com
pemburey73,Penrod,Emburey,pemburey73@behance.net
mjinkin74,Marlane,Jinkin,mjinkin74@pen.io
lbrundale75,Leonid,Brundale,lbrundale75@imdb.com
smaxwale76,Stefano,Maxwale,smaxwale76@dedecms.com
svanelli77,Stan,Vanelli,svanelli77@sphinn.com
ckennelly78,Christye,Kennelly,ckennelly78@friendfeed.com
coquirk79,Claudelle,O' Quirk,coquirk79@cdbaby.com
aeverwin7a,Ailee,Everwin,aeverwin7a@ycombinator.com
smacilriach7b,Sergei,MacIlriach,smacilriach7b@vimeo.com
rmilmith7c,Rancell,Milmith,rmilmith7c@mit.edu
lcombe7d,Lucy,Combe,lcombe7d@archive.org
yghidoli7e,Yetty,Ghidoli,yghidoli7e@bigcartel.com
csnazle7f,Cassandry,Snazle,csnazle7f@tripod.com
bpinnick7g,Basilius,Pinnick,bpinnick7g@ox.ac.uk
ssalvador7h,Selene,Salvador,ssalvador7h@delicious.com
corth7i,Chaim,Orth,corth7i@apple.com
dcoom7j,Denny,Coom,dcoom7j@accuweather.com
dhasser7k,Devonna,Hasser,dhasser7k@sina.com.cn
cschohier7l,Chrissie,Schohier,cschohier7l@trellian.com
rlivick7m,Ricky,Livick,rlivick7m@soundcloud.com
escullion7n,Elmore,Scullion,escullion7n@walmart.com
cearwaker7o,Calv,Earwaker,cearwaker7o@furl.net
ldunklee7p,Lucina,Dunklee,ldunklee7p@squidoo.com
dpauli7q,Dinnie,Pauli,dpauli7q@storify.com
sschule7r,Sidonia,Schule,sschule7r@opensource.org
aflegg7s,Ajay,Flegg,aflegg7s@flickr.com
jstooders7t,Janith,Stooders,jstooders7t@miibeian.gov.cn
tkarlolczak7u,Timoteo,Karlolczak,tkarlolczak7u@goo.ne.jp
mlemery7v,Miner,Lemery,mlemery7v@sun.com
hmundford7w,Hagan,Mundford,hmundford7w@vinaora.com
zdifranceshci7x,Zebedee,Di Franceshci,zdifranceshci7x@google.com.au
nschutter7y,Nevins,Schutter,nschutter7y@mysql.com
lfarryan7z,Leland,Farryan,lfarryan7z@chicagotribune.com
bscrivinor80,Billy,Scrivinor,bscrivinor80@com.com
hrothwell81,Hyacinth,Rothwell,hrothwell81@kickstarter.com
pfawdry82,Philly,Fawdry,pfawdry82@privacy.gov.au
eland83,Essie,Land,eland83@umich.edu
tknappen84,Thomasine,Knappen,tknappen84@is.gd
dceillier85,Dominik,Ceillier,dceillier85@house.gov
mlyle86,Marcelle,Lyle,mlyle86@imgur.com
ogodbehere87,Ode,Godbehere,ogodbehere87@gravatar.com
dwedge88,Dietrich,Wedge,dwedge88@netlog.com
ydeme89,Yancey,Deme,ydeme89@soup.io
kvogelein8a,King,Vogelein,kvogelein8a@sohu.com
ctwittey8b,Charlie,Twittey,ctwittey8b@harvard.edu
ekirwood8c,Erich,Kirwood,ekirwood8c@accuweather.com
ndreamer8d,Ninnetta,Dreamer,ndreamer8d@addthis.com
acansdill8e,Alexi,Cansdill,acansdill8e@harvard.edu
atrytsman8f,Araldo,Trytsman,atrytsman8f@sbwire.com
bchecklin8g,Bondy,Checklin,bchecklin8g@fema.gov
jcheese8h,Jenine,Cheese,jcheese8h@nbcnews.com
kbumby8i,Kimble,Bumby,kbumby8i@pinterest.com
jlesmonde8j,Jacky,Lesmonde,jlesmonde8j@archive.org
jrobke8k,Jami,Robke,jrobke8k@gizmodo.com
wschleicher8l,Wilow,Schleicher,wschleicher8l@reddit.com
aclitheroe8m,Anselma,Clitheroe,aclitheroe8m@clickbank.net
bwhitmore8n,Beau,Whitmore,bwhitmore8n@auda.org.au
rcosta8o,Raimund,Costa,rcosta8o@sohu.com
rbonallick8p,Rosalinde,Bonallick,rbonallick8p@marriott.com
ploghan8q,Pip,Loghan,ploghan8q@goodreads.com
akefford8r,Analise,Kefford,akefford8r@oakley.com
bhadeke8s,Bonny,Hadeke,bhadeke8s@ustream.tv
atrippitt8t,Angelina,Trippitt,atrippitt8t@independent.co.uk
mbellelli8u,Maurie,Bellelli,mbellelli8u@devhub.com
ltomadoni8v,Lorrayne,Tomadoni,ltomadoni8v@flickr.com
greadshall8w,Gan,Readshall,greadshall8w@1688.com
sbigham8x,Sande,Bigham,sbigham8x@about.me
jbusher8y,Jacqueline,Busher,jbusher8y@lulu.com
ashitliffe8z,Auguste,Shitliffe,ashitliffe8z@soundcloud.com
csoot90,Channa,Soot,csoot90@shutterfly.com
fcoldbath91,Forrester,Coldbath,fcoldbath91@ehow.com
bloxley92,Bertrand,Loxley,bloxley92@ted.com
ktoffler93,Krispin,Toffler,ktoffler93@europa.eu
kfinnis94,Kelley,Finnis,kfinnis94@ft.com
zbapty95,Zedekiah,Bapty,zbapty95@facebook.com
nbrittian96,Nevsa,Brittian,nbrittian96@reddit.com
emcgaugey97,Edwin,McGaugey,emcgaugey97@studiopress.com
ealywin98,Erik,Alywin,ealywin98@nytimes.com
sboyle99,Shoshana,Boyle,sboyle99@irs.gov
cfarnan9a,Cyrus,Farnan,cfarnan9a@cpanel.net
ljandak9b,Lon,Jandak,ljandak9b@google.co.jp
ltownshend9c,Laurens,Townshend,ltownshend9c@gnu.org
cledner9d,Cymbre,Ledner,cledner9d@vimeo.com
gfacer9e,Giovanna,Facer,gfacer9e@independent.co.uk
bforder9f,Bidget,Forder,bforder9f@parallels.com
maddams9g,Maryann,Addams,maddams9g@prlog.org
uwombwell9h,Ulrikaumeko,Wombwell,uwombwell9h@addtoany.com
rpiggen9i,Reyna,Piggen,rpiggen9i@sun.com
smaskew9j,Shepperd,Maskew,smaskew9j@usda.gov
ghaskins9k,Gilda,Haskins,ghaskins9k@census.gov
rdoniso9l,Romeo,Doniso,rdoniso9l@imageshack.us
sdibiasio9m,Stace,Di Biasio,sdibiasio9m@fc2.com
cbloss9n,Cecilius,Bloss,cbloss9n@icq.com
fmakey9o,Fanni,Makey,fmakey9o@digg.com
lbrunel9p,Leanor,Brunel,lbrunel9p@vk.com
kdubarry9q,Keslie,Dubarry,kdubarry9q@census.gov
atalton9r,Atalanta,Talton,atalton9r@hp.com
tricket9s,Theda,Ricket,tricket9s@ameblo.jp
fpullman9t,Fax,Pullman,fpullman9t@comsenz.com
pjaquin9u,Paxton,Jaquin,pjaquin9u@weather.com
hdevers9v,Hillel,Devers,hdevers9v@economist.com
rswancott9w,Rosanna,Swancott,rswancott9w@gmpg.org
rkornas9x,Roderic,Kornas,rkornas9x@wordpress.org
vfoux9y,Vincenz,Foux,vfoux9y@unesco.org
iabram9z,Issiah,Abram,iabram9z@who.int
iascroftea0,Ike,Ascrofte,iascroftea0@posterous.com
bserota1,Bradly,Serot,bserota1@shinystat.com
qrissoma2,Quintilla,Rissom,qrissoma2@cnet.com
hguierrea3,Hadlee,Guierre,hguierrea3@amazon.co.jp
soverstonea4,Stephen,Overstone,soverstonea4@foxnews.com
akubana5,Andrei,Kuban,akubana5@amazonaws.com
lwissona6,Linc,Wisson,lwissona6@oakley.com
sendsa7,Sibella,Ends,sendsa7@sourceforge.net
foneala8,Ferrel,O'Neal,foneala8@51.la
lnobrigaa9,Laurent,Nobriga,lnobrigaa9@arstechnica.com
cdaillyaa,Chandal,Dailly,cdaillyaa@163.com
qplevinab,Quillan,Plevin,qplevinab@theglobeandmail.com
bsheirlawac,Beret,Sheirlaw,bsheirlawac@over-blog.com
pdeloozead,Philomena,Delooze,pdeloozead@fema.gov
sderricoatae,Sadye,Derricoat,sderricoatae@spiegel.de
cskellonaf,Calley,Skellon,cskellonaf@sun.com
aearwakerag,Agnese,Earwaker,aearwakerag@printfriendly.com
mbridelah,Marylynne,Bridel,mbridelah@msn.com
rbiddleai,Rooney,Biddle,rbiddleai@ox.ac.uk
mlowethaj,Mortie,Loweth,mlowethaj@techcrunch.com
bclemak,Boniface,Clem,bclemak@shareasale.com
krojahnal,Kelsy,Rojahn,krojahnal@comsenz.com
faldhamam,Far,Aldham,faldhamam@ustream.tv
jmcmyleran,Johan,McMyler,jmcmyleran@europa.eu
slemarchantao,Suzi,Le Marchant,slemarchantao@illinois.edu
dfrithap,Dewitt,Frith,dfrithap@ehow.com
bmatysikaq,Brandais,Matysik,bmatysikaq@washington.edu
dmcelmurrayar,Darius,McElmurray,dmcelmurrayar@rakuten.co.jp
esiburnas,Elena,Siburn,esiburnas@webmd.com
sgillmoreat,Sunny,Gillmore,sgillmoreat@loc.gov
skasperau,Shirl,Kasper,skasperau@hugedomains.com
fphelitav,Franky,Phelit,fphelitav@godaddy.com
sarndtsenaw,Siward,Arndtsen,sarndtsenaw@smh.com.au
okleinmannax,Orrin,Kleinmann,okleinmannax@hibu.com
rkerinsay,Rollins,Kerins,rkerinsay@huffingtonpost.com
emalseraz,Emmet,Malser,emalseraz@cyberchimps.com
sgarwillb0,Stevana,Garwill,sgarwillb0@networksolutions.com
rminigob1,Ruthie,Minigo,rminigob1@google.com.au
khousbeyb2,Kara,Housbey,khousbeyb2@japanpost.jp
aklampkb3,Arabel,Klampk,aklampkb3@github.com
linsealb4,Leeanne,Inseal,linsealb4@uiuc.edu
gwasonb5,Gare,Wason,gwasonb5@jimdo.com
rmarvinb6,Royall,Marvin,rmarvinb6@ucla.edu
glabatb7,Gabey,Labat,glabatb7@ft.com
erackamb8,Elli,Rackam,erackamb8@bbb.org
ahaugheyb9,Abraham,Haughey,ahaugheyb9@un.org
hfeeheryba,Hyacintha,Feehery,hfeeheryba@miibeian.gov.cn
lbringloebb,Legra,Bringloe,lbringloebb@howstuffworks.com
fhainbc,Fancie,Hain,fhainbc@amazon.co.uk
jtresslerbd,Jessee,Tressler,jtresslerbd@webmd.com
pdowsebe,Prudy,Dowse,pdowsebe@nyu.edu
xjopkebf,Xymenes,Jopke,xjopkebf@nsw.gov.au
gaucuttbg,Gris,Aucutt,gaucuttbg@baidu.com
acampanellebh,Adler,Campanelle,acampanellebh@senate.gov
srojahnbi,Sarah,Rojahn,srojahnbi@cornell.edu
hgiannassibj,Hunter,Giannassi,hgiannassibj@usda.gov
gwhitbreadbk,Grover,Whitbread,gwhitbreadbk@edublogs.org
smoxsombl,Stacy,Moxsom,smoxsombl@w3.org
cgremainbm,Carlin,Gremain,cgremainbm@narod.ru
edugmorebn,Elfreda,Dugmore,edugmorebn@themeforest.net
bsoigouxbo,Berthe,Soigoux,bsoigouxbo@hud.gov
jtaylderbp,Jo-anne,Taylder,jtaylderbp@biblegateway.com
ogreenigbq,Osbourne,Greenig,ogreenigbq@tinypic.com
bgallybr,Blakelee,Gally,bgallybr@yelp.com
eredwallbs,Esmaria,Redwall,eredwallbs@ning.com
miannuzzellibt,Margarete,Iannuzzelli,miannuzzellibt@apache.org
nmussottibu,Norrie,Mussotti,nmussottibu@phoca.cz
fdeathbv,Farris,De'Ath,fdeathbv@fema.gov
mbownessbw,Malinda,Bowness,mbownessbw@xinhuanet.com
pspehrbx,Petronia,Spehr,pspehrbx@edublogs.org
fbeckensallby,Florida,Beckensall,fbeckensallby@squidoo.com
cfanstonebz,Ceil,Fanstone,cfanstonebz@utexas.edu
gnouchc0,Gregor,Nouch,gnouchc0@amazon.co.jp
bpecholdc1,Barbabas,Pechold,bpecholdc1@storify.com
kshillc2,Kenny,Shill,kshillc2@usatoday.com
ibormanc3,Inessa,Borman,ibormanc3@hubpages.com
dhamlync4,Diann,Hamlyn,dhamlync4@illinois.edu
lgoldisc5,Lisette,Goldis,lgoldisc5@foxnews.com
ainworthc6,Arlie,Inworth,ainworthc6@nsw.gov.au
mgrimesc7,Murdoch,Grimes,mgrimesc7@ed.gov
lhitschkec8,Lavena,Hitschke,lhitschkec8@amazon.co.uk
dgrindellc9,Donna,Grindell,dgrindellc9@shutterfly.com
lsansburyca,Lenna,Sansbury,lsansburyca@facebook.com
atrevorrowcb,Adelaide,Trevorrow,atrevorrowcb@blog.com
gkensetcc,Gallard,Kenset,gkensetcc@1und1.de
clinnycd,Clifford,Linny,clinnycd@latimes.com
jgazece,Jerry,Gaze,jgazece@goo.gl
rmetschkecf,Randy,Metschke,rmetschkecf@bandcamp.com
dliverseegecg,Deena,Liverseege,dliverseegecg@pinterest.com
mfowlstonch,Madeline,Fowlston,mfowlstonch@barnesandnoble.com
ksharphouseci,Kirstyn,Sharphouse,ksharphouseci@devhub.com
ioldhamcj,Idalia,Oldham,ioldhamcj@mac.com
nellimanck,Niall,Elliman,nellimanck@tumblr.com
gmyrtlecl,Goran,Myrtle,gmyrtlecl@opensource.org
rdepkecm,Rafaello,Depke,rdepkecm@samsung.com
escraggcn,Ettie,Scragg,escraggcn@chicagotribune.com
ejanousco,Eb,Janous,ejanousco@icio.us
mstockowcp,Melany,Stockow,mstockowcp@twitpic.com
dwallingtoncq,Danit,Wallington,dwallingtoncq@bizjournals.com
wliptrotcr,Wells,Liptrot,wliptrotcr@paypal.com
acallinancs,Aloysia,Callinan,acallinancs@google.com.hk
mtoyct,Mildrid,Toy,mtoyct@guardian.co.uk
mstanyforthcu,Melodee,Stanyforth,mstanyforthcu@examiner.com
moldershawcv,Mada,Oldershaw,moldershawcv@nydailynews.com
dhedlestonecw,Darda,Hedlestone,dhedlestonecw@wordpress.org
kpithcockcx,Kurtis,Pithcock,kpithcockcx@intel.com
ccorbyncy,Charmian,Corbyn,ccorbyncy@wsj.com
bwinningcz,Brenna,Winning,bwinningcz@w3.org
glundbergd0,Gene,Lundberg,glundbergd0@spiegel.de
smichelled1,Steffane,Michelle,smichelled1@blinklist.com
reuesdend2,Ruthe,Euesden,reuesdend2@yale.edu
wtourmelld3,Wendi,Tourmell,wtourmelld3@squidoo.com
jcranshawd4,Joey,Cranshaw,jcranshawd4@nature.com
jrattenburyd5,Joella,Rattenbury,jrattenburyd5@indiegogo.com
tgreenhalghd6,Theresita,Greenhalgh,tgreenhalghd6@php.net
cwahnerd7,Curtice,Wahner,cwahnerd7@diigo.com
aheisterd8,Aretha,Heister,aheisterd8@narod.ru
lhundleyd9,Lexy,Hundley,lhundleyd9@shinystat.com
kcardnellda,Kelwin,Cardnell,kcardnellda@ebay.com
vsmyleydb,Valene,Smyley,vsmyleydb@cbc.ca
fworrilldc,Fidela,Worrill,fworrilldc@state.gov
lleadesdd,Lindsey,Leades,lleadesdd@bandcamp.com
mthickensde,Marielle,Thickens,mthickensde@engadget.com
lmarchenkodf,Lorenzo,Marchenko,lmarchenkodf@google.com.hk
cwoofindendg,Courtnay,Woofinden,cwoofindendg@webnode.com
gpadburydh,Gottfried,Padbury,gpadburydh@ucoz.com
amedendorpdi,Abbye,Medendorp,amedendorpdi@theguardian.com
astrottondj,Alick,Strotton,astrottondj@cnet.com
smassondk,Sam,Masson,smassondk@hatena.ne.jp
bwhertondl,Berty,Wherton,bwhertondl@zimbio.com
djadodm,Dunn,Jado,djadodm@sun.com
poconcannondn,Payton,O' Concannon,poconcannondn@icq.com
bpoytherasdo,Berti,Poytheras,bpoytherasdo@163.com
dnenddp,Darrick,Nend,dnenddp@trellian.com
fedisdq,Fredric,Edis,fedisdq@blog.com
ospellsworthdr,Olva,Spellsworth,ospellsworthdr@theatlantic.com
cdurakds,Channa,Durak,cdurakds@netvibes.com
adoileydt,Ann,Doiley,adoileydt@gov.uk
dvedekhovdu,Danica,Vedekhov,dvedekhovdu@bandcamp.com
mbartolomadv,Marline,Bartoloma,mbartolomadv@amazon.co.uk
lspibydw,Levin,Spiby,lspibydw@independent.co.uk
celcumdx,Clareta,Elcum,celcumdx@miibeian.gov.cn
hlempertzdy,Harlen,Lempertz,hlempertzdy@symantec.com
rsleighdz,Rickey,Sleigh,rsleighdz@indiatimes.com
ledesse0,Loydie,Edess,ledesse0@macromedia.com
ckeysele1,Cissy,Keysel,ckeysele1@yelp.com
azammette2,Ariel,Zammett,azammette2@vk.com
craubenheimerse3,Carleton,Raubenheimers,craubenheimerse3@sogou.com
loglesbeee4,Lissa,Oglesbee,loglesbeee4@surveymonkey.com
tambrogioe5,Taddeo,Ambrogio,tambrogioe5@illinois.edu
wgreenrdee6,Walther,Greenrde,wgreenrdee6@symantec.com
bburnelle7,Byran,Burnell,bburnelle7@cdc.gov
rharnotte8,Ramsay,Harnott,rharnotte8@scribd.com
chayfielde9,Carmelita,Hayfield,chayfielde9@state.tx.us
gheadlandea,Gorden,Headland,gheadlandea@hibu.com
ctartteb,Carie,Tartt,ctartteb@issuu.com
javrahamianec,Jennee,Avrahamian,javrahamianec@youku.com
oheibled,Ora,Heibl,oheibled@themeforest.net
bpierceee,Bernhard,Pierce,bpierceee@myspace.com
dmangeref,Dona,Manger,dmangeref@opera.com
ghubeg,Gibby,Hub,ghubeg@theglobeandmail.com
sjemmisoneh,Stanly,Jemmison,sjemmisoneh@opensource.org
jbaggelleyei,Josh,Baggelley,jbaggelleyei@moonfruit.com
gswaneej,Gonzales,Swane,gswaneej@oracle.com
bpargetterek,Brian,Pargetter,bpargetterek@webmd.com
fchecchetelliel,Field,Checchetelli,fchecchetelliel@bravesites.com
grenboldem,Giulietta,Renbold,grenboldem@squarespace.com
amacdearmaiden,Alaster,MacDearmaid,amacdearmaiden@webnode.com
jyeelleo,Jenna,Yeell,jyeelleo@dropbox.com
fandryushinep,Fidela,Andryushin,fandryushinep@technorati.com
crakeeq,Corny,Rake,crakeeq@wikimedia.org
srotteer,Selle,Rotte,srotteer@theatlantic.com
tpilgrimes,Therine,Pilgrim,tpilgrimes@ca.gov
ibeekmanet,Inessa,Beekman,ibeekmanet@ftc.gov
ldormaneu,Lothario,Dorman,ldormaneu@flavors.me
clishmanev,Corella,Lishman,clishmanev@engadget.com
afleemingew,Audre,Fleeming,afleemingew@economist.com
smallochex,Sharline,Malloch,smallochex@oakley.com
ecampesey,Erek,Campes,ecampesey@state.tx.us
rfieldenez,Raquela,Fielden,rfieldenez@mozilla.org
mnixf0,Mariann,Nix,mnixf0@narod.ru
ajonssonf1,Avrit,Jonsson,ajonssonf1@patch.com
jsmallshawf2,Jada,Smallshaw,jsmallshawf2@who.int
kgamettf3,Kristoforo,Gamett,kgamettf3@list-manage.com
vcharlef4,Virginie,Charle,vcharlef4@jimdo.com
rtommeif5,Rooney,Tommei,rtommeif5@mediafire.com
rlissendenf6,Rosa,Lissenden,rlissendenf6@wunderground.com
lewensf7,Leo,Ewens,lewensf7@godaddy.com
sgaultf8,Sebastien,Gault,sgaultf8@mail.ru
tmildnerf9,Thaddeus,Mildner,tmildnerf9@google.ca
wchaggfa,Wenda,Chagg,wchaggfa@earthlink.net
dvitlerfb,Dennison,Vitler,dvitlerfb@taobao.com
bsmalefc,Bowie,Smale,bsmalefc@wunderground.com
nsouthersfd,Nerte,Southers,nsouthersfd@google.com.au
esunshinefe,Elysee,Sunshine,esunshinefe@networksolutions.com
gwhifeff,Gene,Whife,gwhifeff@icio.us
iomulderrigfg,Issie,O' Mulderrig,iomulderrigfg@cargocollective.com
tfirlefh,Tully,Firle,tfirlefh@delicious.com
sbendigfi,Sapphira,Bendig,sbendigfi@archive.org
mbothwellfj,Margarette,Bothwell,mbothwellfj@addtoany.com
wcherrisonfk,Wrennie,Cherrison,wcherrisonfk@msn.com
tbogartfl,Tallie,Bogart,tbogartfl@facebook.com
dsimkinsfm,Daniella,Simkins,dsimkinsfm@wiley.com
mtattersdillfn,Malinda,Tattersdill,mtattersdillfn@ucla.edu
tbendittfo,Terrye,Benditt,tbendittfo@businessinsider.com
mchinfp,Milty,Chin,mchinfp@edublogs.org
mkulicfq,Miguelita,Kulic,mkulicfq@multiply.com
jsoarfr,Jarrod,Soar,jsoarfr@mozilla.org
estrangwoodfs,Elroy,Strangwood,estrangwoodfs@istockphoto.com
kandreopolosft,Kaja,Andreopolos,kandreopolosft@tuttocitta.it
speeverfu,Sergent,Peever,speeverfu@nasa.gov
gbedbroughfv,Godwin,Bedbrough,gbedbroughfv@fema.gov
fhuefw,Florenza,Hue,fhuefw@amazon.de
epaullfx,Eustacia,Paull,epaullfx@flavors.me
gmighelify,Giselle,Migheli,gmighelify@google.com.br
ppetcheyfz,Pascale,Petchey,ppetcheyfz@cbsnews.com
bpetrashkovg0,Byran,Petrashkov,bpetrashkovg0@go.com
xhurdedgeg1,Xena,Hurdedge,xhurdedgeg1@zdnet.com
cpriskg2,Clemmie,Prisk,cpriskg2@tinyurl.com
jkezarg3,Johann,Kezar,jkezarg3@ocn.ne.jp
zpetraschg4,Zeb,Petrasch,zpetraschg4@pagesperso-orange.fr
vboyleg5,Vikki,Boyle,vboyleg5@dell.com
lfilipchikovg6,Lyndsey,Filipchikov,lfilipchikovg6@furl.net
fbyllamg7,Fawn,Byllam,fbyllamg7@bing.com
tbutterlyg8,Tarra,Butterly,tbutterlyg8@ibm.com
pclaricoatsg9,Piotr,Claricoats,pclaricoatsg9@reference.com
knewsonga,Kyle,Newson,knewsonga@tripod.com
gquennellgb,Gearard,Quennell,gquennellgb@trellian.com
zlewardgc,Zarah,Leward,zlewardgc@imageshack.us
eraubenheimgd,Evan,Raubenheim,eraubenheimgd@earthlink.net
fgleasanege,Florence,Gleasane,fgleasanege@bizjournals.com
eashfoldgf,Esteban,Ashfold,eashfoldgf@dailymotion.com
mstollardgg,Margie,Stollard,mstollardgg@dedecms.com
liorigh,Lea,Iori,liorigh@free.fr
jjensengi,Jody,Jensen,jjensengi@barnesandnoble.com
mothickgj,Marti,Othick,mothickgj@jigsy.com
cgettingsgk,Carol-jean,Gettings,cgettingsgk@arizona.edu
cgrushingl,Clarice,Grushin,cgrushingl@i2i.jp
mstrotongm,Meryl,Stroton,mstrotongm@cisco.com
boleszczakgn,Berkley,Oleszczak,boleszczakgn@ebay.co.uk
smollingo,Sonja,Mollin,smollingo@phpbb.com
isherrattgp,Isidore,Sherratt,isherrattgp@paypal.com
dlodovichigq,Dorothea,Lodovichi,dlodovichigq@phoca.cz
yperelgr,Yettie,Perel,yperelgr@bluehost.com
gollerhadgs,Giffy,Ollerhad,gollerhadgs@hugedomains.com
cpretselgt,Caroline,Pretsel,cpretselgt@zdnet.com
jhutfieldgu,Jayson,Hutfield,jhutfieldgu@ustream.tv
ccolliargv,Casar,Colliar,ccolliargv@hexun.com
cturnergw,Curcio,Turner,cturnergw@shareasale.com
ccloughgx,Calley,Clough,ccloughgx@sphinn.com
bmassiegy,Brennen,Massie,bmassiegy@irs.gov
acobbinggz,Aldus,Cobbing,acobbinggz@elpais.com
jkubeckah0,Jedediah,Kubecka,jkubeckah0@walmart.com
apinketth1,Alasdair,Pinkett,apinketth1@icq.com
bkiddeyh2,Brook,Kiddey,bkiddeyh2@ask.com
rmasdonh3,Rad,Masdon,rmasdonh3@icq.com
mtrevorh4,Milena,Trevor,mtrevorh4@mozilla.org
ccushellyh5,Charlie,Cushelly,ccushellyh5@nih.gov
hlanchberryh6,Hoebart,Lanchberry,hlanchberryh6@dmoz.org
gcummingh7,Gerti,Cumming,gcummingh7@storify.com
drhoddieh8,Danika,Rhoddie,drhoddieh8@apache.org
cgiampietroh9,Catie,Giampietro,cgiampietroh9@uol.com.br
dampsha,Doy,Amps,dampsha@tumblr.com
hcrasfordhb,Harwilll,Crasford,hcrasfordhb@vinaora.com
cmilchhc,Clarette,Milch,cmilchhc@msu.edu
cwoolatthd,Clim,Woolatt,cwoolatthd@nifty.com
rvasilkovhe,Ricard,Vasilkov,rvasilkovhe@icq.com
fservanthf,Felicdad,Servant,fservanthf@google.co.uk
nlumblyhg,Nanette,Lumbly,nlumblyhg@miitbeian.gov.cn
stwycrosshh,Sigrid,Twycross,stwycrosshh@geocities.jp
rbradshawhi,Roderich,Bradshaw,rbradshawhi@google.it
rkinsetthj,Royce,Kinsett,rkinsetthj@example.com
ckoubuhk,Clovis,Koubu,ckoubuhk@imgur.com
gbearnhl,Goddart,Bearn,gbearnhl@nydailynews.com
kstrettlehm,Kiel,Strettle,kstrettlehm@w3.org
wabrehearthn,Winnie,Abreheart,wabrehearthn@shareasale.com
lcollarho,Lauree,Collar,lcollarho@com.com
qwordingtonhp,Queenie,Wordington,qwordingtonhp@arizona.edu
bwilfingerhq,Bette-ann,Wilfinger,bwilfingerhq@techcrunch.com
cwoolastonhr,Cathrin,Woolaston,cwoolastonhr@bizjournals.com
benticknaphs,Bren,Enticknap,benticknaphs@cbslocal.com
krannsht,Kacie,Ranns,krannsht@va.gov
jmansourhu,Jamima,Mansour,jmansourhu@odnoklassniki.ru
ulingleyhv,Urbain,Lingley,ulingleyhv@quantcast.com
clovehw,Cheryl,Love,clovehw@time.com
gsesonhx,Gretchen,Seson,gsesonhx@blogs.com
ckirkhousehy,Charmain,Kirkhouse,ckirkhousehy@diigo.com
acamerellohz,Amil,Camerello,acamerellohz@slideshare.net
rendrizzii0,Roxie,Endrizzi,rendrizzii0@dot.gov
ajessetti1,Augy,Jessett,ajessetti1@google.co.jp
kroyli2,Kris,Royl,kroyli2@goo.gl
mspeighti3,Marchall,Speight,mspeighti3@liveinternet.ru
dtidballi4,Dre,Tidball,dtidballi4@hud.gov
lwacei5,Leeann,Wace,lwacei5@toplist.cz
ashentoni6,Avis,Shenton,ashentoni6@phoca.cz
rmehargi7,Rebecka,Meharg,rmehargi7@bloglovin.com
pcogani8,Penn,Cogan,pcogani8@constantcontact.com
dcooi9,Daffie,Coo,dcooi9@posterous.com
hcadwalladeria,Harley,Cadwallader,hcadwalladeria@indiatimes.com
tloughrenib,Tarrah,Loughren,tloughrenib@timesonline.co.uk
lbaggsic,Lowe,Baggs,lbaggsic@yellowbook.com
mlongworthid,Mayne,Longworth,mlongworthid@google.pl
ndenizetie,Noelle,Denizet,ndenizetie@elegantthemes.com
bdelgardoif,Biddy,Delgardo,bdelgardoif@qq.com
ccarikig,Cassandre,Carik,ccarikig@xinhuanet.com
vlynthalih,Virgie,Lynthal,vlynthalih@army.mil
jsisnettii,Jaymie,Sisnett,jsisnettii@weebly.com
lshorlandij,Lester,Shorland,lshorlandij@virginia.edu
botteeik,Barnaby,Ottee,botteeik@lulu.com
wdorkinsil,Waldo,Dorkins,wdorkinsil@google.com.au
rgalgeyim,Rabbi,Galgey,rgalgeyim@behance.net
lreddickin,Liv,Reddick,lreddickin@jalbum.net
cgavanio,Carlyle,Gavan,cgavanio@ted.com
candersenip,Cyrill,Andersen,candersenip@booking.com
fgerrelsiq,Fabio,Gerrels,fgerrelsiq@mayoclinic.com
tallensonir,Tamar,Allenson,tallensonir@nbcnews.com
tbabinskiis,Taber,Babinski,tbabinskiis@cam.ac.uk
cpacheit,Conn,Pache,cpacheit@census.gov
kfoakesiu,Kirsteni,Foakes,kfoakesiu@acquirethisname.com
ahamblingtoniv,Amy,Hamblington,ahamblingtoniv@toplist.cz
ajermaniw,Arman,Jerman,ajermaniw@oakley.com
cdeethix,Cobb,Deeth,cdeethix@bloglovin.com
dbealsiy,Donnell,Beals,dbealsiy@fda.gov
hhallfordiz,Hatti,Hallford,hhallfordiz@hao123.com
lspellissyj0,Luciana,Spellissy,lspellissyj0@pinterest.com
labramsj1,Lesly,Abrams,labramsj1@weebly.com
tgittoesj2,Tilda,Gittoes,tgittoesj2@ycombinator.com
sbarrottj3,Staford,Barrott,sbarrottj3@utexas.edu
dburlj4,Dee,Burl,dburlj4@deviantart.com
ljoutapaitisj5,Lulu,Joutapaitis,ljoutapaitisj5@delicious.com
cborthj6,Clayson,Borth,cborthj6@meetup.com
bspaduccij7,Brandi,Spaducci,bspaduccij7@t.co
jdunsirej8,Jyoti,Dunsire,jdunsirej8@mtv.com
nharradencej9,Natty,Harradence,nharradencej9@cnn.com
npodsja,Nell,Pods,npodsja@mozilla.org
mstrongitharmjb,Mose,Strongitharm,mstrongitharmjb@deliciousdays.com
bandriuzzijc,Bethena,Andriuzzi,bandriuzzijc@last.fm
tbegentjd,Timmi,Begent,tbegentjd@lulu.com
gparfreyje,Goldi,Parfrey,gparfreyje@auda.org.au
lpringerjf,Lorita,Pringer,lpringerjf@vk.com
abulfootjg,Amabel,Bulfoot,abulfootjg@arizona.edu
meadonjh,Marin,Eadon,meadonjh@constantcontact.com
nallanbyji,Nanon,Allanby,nallanbyji@ask.com
fhartinjj,Forster,Hartin,fhartinjj@newsvine.com
mvellenderjk,Maighdiln,Vellender,mvellenderjk@e-recht24.de
sleechjl,Shannan,Leech,sleechjl@devhub.com
anornaselljm,Aubrey,Nornasell,anornaselljm@plala.or.jp
aarchardjn,Alysa,Archard,aarchardjn@walmart.com
aparrishjo,Aldo,Parrish,aparrishjo@hostgator.com
tfarragherjp,Tressa,Farragher,tfarragherjp@dedecms.com
afowlejq,Astrix,Fowle,afowlejq@java.com
abinnesjr,Agnola,Binnes,abinnesjr@bizjournals.com
bhagstonejs,Brittne,Hagstone,bhagstonejs@latimes.com
obenedictojt,Ozzy,Benedicto,obenedictojt@who.int
ssevenju,Sheilakathryn,Seven,ssevenju@npr.org
gpeggramjv,Granthem,Peggram,gpeggramjv@mit.edu
mibbottjw,Merrick,Ibbott,mibbottjw@home.pl
ckastingjx,Chrissie,Kasting,ckastingjx@alibaba.com
rsharpjy,Rosaleen,Sharp,rsharpjy@columbia.edu
sprovenjz,Sallee,Proven,sprovenjz@zdnet.com
bhanckek0,Brinna,Hancke,bhanckek0@hhs.gov
bleprovostk1,Bernete,Le Provost,bleprovostk1@sun.com
kstirripk2,Kati,Stirrip,kstirripk2@home.pl
ademogeotk3,Allyn,Demogeot,ademogeotk3@nifty.com
rkenionk4,Rose,Kenion,rkenionk4@nymag.com
rsemeradk5,Robinia,Semerad,rsemeradk5@pen.io
sashfullk6,Susie,Ashfull,sashfullk6@people.com.cn
dhamshawk7,Darby,Hamshaw,dhamshawk7@baidu.com
cscafek8,Chiquita,Scafe,cscafek8@surveymonkey.com
mtrulockk9,Marget,Trulock,mtrulockk9@squarespace.com
rpietrika,Rozalin,Pietri,rpietrika@blogs.com
mglennardkb,Michelle,Glennard,mglennardkb@posterous.com
hdeerykc,Hailee,Deery,hdeerykc@etsy.com
aconnopkd,Alano,Connop,aconnopkd@stanford.edu
khulseke,Karlik,Hulse,khulseke@umn.edu
gessexkf,Gretta,Essex,gessexkf@wiley.com
smacscheriekg,Silas,MacScherie,smacscheriekg@hostgator.com
nmcinallykh,Nollie,McInally,nmcinallykh@umn.edu
cextallki,Carlyn,Extall,cextallki@theguardian.com
zolinkj,Zuzana,Olin,zolinkj@ifeng.com
mdellcasakk,Maxwell,Dell Casa,mdellcasakk@dion.ne.jp
jmanoellikl,Jeana,Manoelli,jmanoellikl@arizona.edu
ddumperkm,Ddene,Dumper,ddumperkm@usatoday.com
mmccalisterkn,Marianne,McCalister,mmccalisterkn@webnode.com
hmcdadeko,Hedy,McDade,hmcdadeko@t-online.de
cmiddleweekkp,Christine,Middleweek,cmiddleweekkp@google.com.br
mallsebrookkq,Millicent,Allsebrook,mallsebrookkq@theatlantic.com
bbenedictekr,Bette,Benedicte,bbenedictekr@indiegogo.com
kboolks,Kailey,Bool,kboolks@mail.ru
mharlowkt,Max,Harlow,mharlowkt@ucla.edu
kreddyhoffku,Karolina,Reddyhoff,kreddyhoffku@mac.com
sniaveskv,Siegfried,Niaves,sniaveskv@uiuc.edu
ibunhillkw,Ivor,Bunhill,ibunhillkw@businesswire.com
kminshawkx,Kenton,Minshaw,kminshawkx@foxnews.com
wesomeky,Willyt,Esome,wesomeky@wikimedia.org
tcollidgekz,Tasia,Collidge,tcollidgekz@unc.edu
ddonetl0,Deeanne,Donet,ddonetl0@ustream.tv
kmacnultyl1,Katrine,MacNulty,kmacnultyl1@shinystat.com
dtabourell2,Demetri,Tabourel,dtabourell2@free.fr
ogarbuttl3,Odette,Garbutt,ogarbuttl3@weather.com
arichfordl4,Ajay,Richford,arichfordl4@google.de
hsperrettl5,Hirsch,Sperrett,hsperrettl5@tuttocitta.it
cmargettl6,Cyndia,Margett,cmargettl6@google.ca
mpumfreyl7,Meryl,Pumfrey,mpumfreyl7@mayoclinic.com
mhowisl8,Madeline,Howis,mhowisl8@4shared.com
growetl9,Gwendolyn,Rowet,growetl9@mysql.com
acastigliola,Abby,Castiglio,acastigliola@linkedin.com
gliebrechtlb,Guntar,Liebrecht,gliebrechtlb@cpanel.net
dwheblelc,Doris,Wheble,dwheblelc@weibo.com
helleswortheld,Hesther,Ellesworthe,helleswortheld@un.org
aferrarellole,Agatha,Ferrarello,aferrarellole@studiopress.com
rcurmanlf,Rose,Curman,rcurmanlf@usnews.com
skoppenlg,Sonya,Koppen,skoppenlg@addtoany.com
svennartlh,Shelley,Vennart,svennartlh@google.co.uk
wgibbonsonli,Wilmer,Gibbonson,wgibbonsonli@dailymotion.com
gheepslj,Genia,Heeps,gheepslj@webeden.co.uk
mklimowiczlk,Miles,Klimowicz,mklimowiczlk@webnode.com
adaberll,Antonie,Daber,adaberll@cnet.com
fmckendolm,Farand,McKendo,fmckendolm@simplemachines.org
bburrellsln,Brana,Burrells,bburrellsln@nhs.uk
lambrodilo,Lyell,Ambrodi,lambrodilo@i2i.jp
aleemanlp,Arlena,Leeman,aleemanlp@webmd.com
klocallq,Karlis,Local,klocallq@deliciousdays.com
zayreslr,Zacharie,Ayres,zayreslr@upenn.edu
myouellls,Matty,Youell,myouellls@blinklist.com
bdimocklt,Bertrando,Dimock,bdimocklt@nbcnews.com
atuckleylu,Anson,Tuckley,atuckleylu@symantec.com
blevittlv,Bella,Levitt,blevittlv@webs.com
cshellibeerlw,Carolus,Shellibeer,cshellibeerlw@icio.us
cgarterylx,Chastity,Gartery,cgarterylx@icq.com
tbangiardly,Tresa,Bangiard,tbangiardly@cloudflare.com
lgrinawaylz,Liz,Grinaway,lgrinawaylz@imageshack.us
hmeinekingm0,Huberto,Meineking,hmeinekingm0@opensource.org
movesenm1,Maura,Ovesen,movesenm1@bravesites.com
cbentallm2,Cam,Bentall,cbentallm2@nydailynews.com
caleixom3,Catina,Aleixo,caleixom3@cmu.edu
mlenourym4,Maureene,Le Noury,mlenourym4@meetup.com
lmoodiem5,Lucian,Moodie,lmoodiem5@hud.gov
tdevaenm6,Tadd,de Vaen,tdevaenm6@patch.com
lericm7,Lanae,Eric,lericm7@ucoz.ru
lgrasonm8,Laurena,Grason,lgrasonm8@nytimes.com
tbrooksbiem9,Torie,Brooksbie,tbrooksbiem9@plala.or.jp
akennettma,Anthia,Kennett,akennettma@shinystat.com
acarrolmb,Annabel,Carrol,acarrolmb@arizona.edu
amaddinonmc,Alexine,Maddinon,amaddinonmc@diigo.com
gbatchanmd,Gonzales,Batchan,gbatchanmd@livejournal.com
acamolettome,Allsun,Camoletto,acamolettome@mozilla.org
rmessiermf,Ryon,Messier,rmessiermf@princeton.edu
cmathwinmg,Celina,Mathwin,cmathwinmg@harvard.edu
cjoanicmh,Crichton,Joanic,cjoanicmh@stumbleupon.com
epowermi,Elonore,Power,epowermi@bloomberg.com
kkepemj,Kris,Kepe,kkepemj@umich.edu
gellerbymk,Gilberto,Ellerby,gellerbymk@state.tx.us
bstollerml,Brinn,Stoller,bstollerml@wikispaces.com
mdarbyshiremm,Merry,Darbyshire,mdarbyshiremm@prlog.org
mezzymn,Malvin,Ezzy,mezzymn@latimes.com
craddinmo,Christophe,Raddin,craddinmo@irs.gov
lcarlawmp,Lester,Carlaw,lcarlawmp@ca.gov
dlarmetmq,Dimitri,Larmet,dlarmetmq@meetup.com
mkrugmannmr,Malena,Krugmann,mkrugmannmr@toplist.cz
jharmanms,Jenelle,Harman,jharmanms@ask.com
bcreebomt,Bethany,Creebo,bcreebomt@canalblog.com
aelsaymu,Allene,Elsay,aelsaymu@google.es
gdobbsmv,Gregory,Dobbs,gdobbsmv@addtoany.com
ahendrickmw,Ana,Hendrick,ahendrickmw@mlb.com
ometcalfmx,Obediah,Metcalf,ometcalfmx@blogtalkradio.com
shughlandmy,Sinclare,Hughland,shughlandmy@themeforest.net
mkefordmz,Matthus,Keford,mkefordmz@macromedia.com
cmaidstonen0,Clarice,Maidstone,cmaidstonen0@wikia.com
wgoldn1,West,Gold,wgoldn1@blogtalkradio.com
candrezn2,Chev,Andrez,candrezn2@networkadvertising.org
wcooneyn3,Walt,Cooney,wcooneyn3@sourceforge.net
cstilln4,Charline,Still,cstilln4@virginia.edu
mcorkishn5,Morena,Corkish,mcorkishn5@blogs.com
ealdinn6,Ellissa,Aldin,ealdinn6@bloglines.com
pyellowlean7,Pris,Yellowlea,pyellowlean7@cdbaby.com
pgrimseyn8,Pattin,Grimsey,pgrimseyn8@slashdot.org
akordesn9,Anna,Kordes,akordesn9@surveymonkey.com
fgethinna,Fina,Gethin,fgethinna@soundcloud.com
fstranahannb,Faunie,Stranahan,fstranahannb@gnu.org
ehariotnc,Emylee,Hariot,ehariotnc@nifty.com
ksanchisnd,Kevin,Sanchis,ksanchisnd@skype.com
aredrupne,Alison,Redrup,aredrupne@fotki.com
fabrahamsennf,Fredek,Abrahamsen,fabrahamsennf@elegantthemes.com
bvanbaarenng,Brit,Van Baaren,bvanbaarenng@1und1.de
dtwiddellnh,Duffie,Twiddell,dtwiddellnh@over-blog.com
owasonni,Opal,Wason,owasonni@godaddy.com
jzylbermannnj,Jay,Zylbermann,jzylbermannnj@msu.edu
dfullunnk,Daniela,Fullun,dfullunnk@japanpost.jp
pallebonenl,Patsy,Allebone,pallebonenl@studiopress.com
ddavitashvilinm,Dewitt,Davitashvili,ddavitashvilinm@state.gov
cmenauteaunn,Constantin,Menauteau,cmenauteaunn@businessinsider.com
dtawno,Dory,Taw,dtawno@mlb.com
hlambethnp,Hi,Lambeth,hlambethnp@quantcast.com
emouattnq,Emmalee,Mouatt,emouattnq@mtv.com
mwidocksnr,Maryrose,Widocks,mwidocksnr@pbs.org
sbischopns,Stacy,Bischop,sbischopns@sciencedaily.com
nbarfieldnt,Norina,Barfield,nbarfieldnt@microsoft.com
lipplettnu,Lona,Ipplett,lipplettnu@archive.org
vburnupnv,Veriee,Burnup,vburnupnv@oracle.com
rgalwaynw,Rinaldo,Galway,rgalwaynw@sbwire.com
badamecnx,Bone,Adamec,badamecnx@hubpages.com
hbagwellny,Herculie,Bagwell,hbagwellny@mac.com
gcrossinghamnz,Georges,Crossingham,gcrossinghamnz@wikipedia.org
llapisho0,Lesli,Lapish,llapisho0@google.de
iropeo1,Ignacius,Rope,iropeo1@4shared.com
epetrielloo2,Edna,Petriello,epetrielloo2@toplist.cz
awrotho3,Arron,Wroth,awrotho3@webeden.co.uk
bfowlstono4,Barnebas,Fowlston,bfowlstono4@bing.com
nstraceyo5,Nesta,Stracey,nstraceyo5@list-manage.com
opovaho6,Osbert,Povah,opovaho6@sbwire.com
fmcglynno7,Fulvia,McGlynn,fmcglynno7@xing.com
dhansardo8,Daffy,Hansard,dhansardo8@bigcartel.com
jbenneo9,Jeanine,Benne,jbenneo9@craigslist.org
kclearleyoa,Karalynn,Clearley,kclearleyoa@guardian.co.uk
iquarryob,Idalia,Quarry,iquarryob@blogger.com
nbleacklyoc,Noni,Bleackly,nbleacklyoc@ifeng.com
pgrocuttod,Perkin,Grocutt,pgrocuttod@prlog.org
kgoalbyoe,Kaylyn,Goalby,kgoalbyoe@adobe.com
mklosof,Merv,Klos,mklosof@who.int
ddawkesog,Daria,Dawkes,ddawkesog@npr.org
jdumphreysoh,Jonie,Dumphreys,jdumphreysoh@example.com
mtroucheroi,Mathias,Troucher,mtroucheroi@github.io
rgiacomioj,Rafaela,Giacomi,rgiacomioj@unc.edu
shuygensok,Sterling,Huygens,shuygensok@unicef.org
dpurvessol,Dre,Purvess,dpurvessol@epa.gov
darchdeckneom,Dyan,Archdeckne,darchdeckneom@1688.com
emossmanon,Edouard,Mossman,emossmanon@latimes.com
jthoumasoo,Jerrie,Thoumas,jthoumasoo@issuu.com
asislandop,Alverta,Sisland,asislandop@bizjournals.com
smeredythoq,Sylvester,Meredyth,smeredythoq@sciencedirect.com
spiniuror,Sondra,Piniur,spiniuror@meetup.com
plarganos,Pauly,Largan,plarganos@tiny.cc
mmulcahyot,Marijn,Mulcahy,mmulcahyot@freewebs.com
apinsentou,Allistir,Pinsent,apinsentou@eepurl.com
astartenov,Alejandrina,Starten,astartenov@booking.com
digoeow,Desi,Igoe,digoeow@123-reg.co.uk
lsheerinox,Leese,Sheerin,lsheerinox@tripod.com
nmurtelloy,Nonnah,Murtell,nmurtelloy@scribd.com
djanewoz,Dorothea,Janew,djanewoz@slate.com
ihardsonp0,Ingrim,Hardson,ihardsonp0@unblog.fr
tarnouldp1,Theodoric,Arnould,tarnouldp1@marketwatch.com
ashortanp2,Adams,Shortan,ashortanp2@sphinn.com
cclymap3,Catlin,Clyma,cclymap3@hostgator.com
nlockp4,Norene,Lock,nlockp4@hc360.com
dbullimorep5,Dyanna,Bullimore,dbullimorep5@alibaba.com
dvanvuurenp6,Donnie,Van Vuuren,dvanvuurenp6@imdb.com
aferrarettop7,Ameline,Ferraretto,aferrarettop7@cam.ac.uk
bmatchittp8,Barty,Matchitt,bmatchittp8@eventbrite.com
serrowep9,Shem,Errowe,serrowep9@studiopress.com
klepoidevinpa,Kelley,Lepoidevin,klepoidevinpa@loc.gov
mpesekpb,Mindy,Pesek,mpesekpb@marketwatch.com
cdaylypc,Caralie,Dayly,cdaylypc@topsy.com
clindhepd,Craggy,Lindhe,clindhepd@engadget.com
bgitthousepe,Briny,Gitthouse,bgitthousepe@about.me
gwimbridgepf,Gayel,Wimbridge,gwimbridgepf@arstechnica.com
fmattersleypg,Fowler,Mattersley,fmattersleypg@geocities.jp
mnolderph,Maegan,Nolder,mnolderph@behance.net
sspendlovepi,Steffen,Spendlove,sspendlovepi@ihg.com
jgilbertpj,Jefferey,Gilbert,jgilbertpj@boston.com
raddeypk,Rafael,Addey,raddeypk@goodreads.com
raxtonpl,Rickie,Axton,raxtonpl@flavors.me
fclemotpm,Ferrell,Clemot,fclemotpm@java.com
bsammonspn,Balduin,Sammons,bsammonspn@google.it
pximenezpo,Pietro,Ximenez,pximenezpo@moonfruit.com
rroswarnepp,Rafaellle,Roswarne,rroswarnepp@woothemes.com
mveschambrepq,Martelle,Veschambre,mveschambrepq@unesco.org
gmcgrielepr,Giff,McGriele,gmcgrielepr@state.gov
dzanussiips,Dalenna,Zanussii,dzanussiips@un.org
cbricknellpt,Christye,Bricknell,cbricknellpt@unc.edu
rstermanpu,Reginauld,Sterman,rstermanpu@studiopress.com
eleideckerpv,Ethan,Leidecker,eleideckerpv@vimeo.com
atharmepw,Arlan,Tharme,atharmepw@123-reg.co.uk
aswattenpx,Anna-diane,Swatten,aswattenpx@last.fm
bvaneschipy,Bobbe,Vaneschi,bvaneschipy@shareasale.com
lhallexpz,Leigha,Hallex,lhallexpz@earthlink.net
fchalfontq0,Feliks,Chalfont,fchalfontq0@rakuten.co.jp
sbredburyq1,Sybille,Bredbury,sbredburyq1@usda.gov
aenderleq2,Alicea,Enderle,aenderleq2@dailymail.co.uk
thughlinq3,Tobe,Hughlin,thughlinq3@biglobe.ne.jp
phassentq4,Pren,Hassent,phassentq4@instagram.com
wickovitsq5,Wylie,Ickovits,wickovitsq5@reverbnation.com
njaycockq6,Nancy,Jaycock,njaycockq6@pinterest.com
ghaugehq7,Griffin,Haugeh,ghaugehq7@patch.com
opancostq8,Odessa,Pancost,opancostq8@newsvine.com
ohellwichq9,Olivie,Hellwich,ohellwichq9@washingtonpost.com
cmagnarqa,Christopher,Magnar,cmagnarqa@biglobe.ne.jp
dliveingqb,Daisi,Liveing,dliveingqb@is.gd
pviveashqc,Pebrook,Viveash,pviveashqc@pbs.org
nbelwardqd,Nari,Belward,nbelwardqd@myspace.com
cfludeqe,Cherianne,Flude,cfludeqe@umich.edu
dbroyqf,Donni,Broy,dbroyqf@deviantart.com
sjentgensqg,Sheelah,Jentgens,sjentgensqg@umn.edu
dsutterbyqh,Dagmar,Sutterby,dsutterbyqh@nps.gov
mworcsqi,Melany,Worcs,mworcsqi@photobucket.com
rbestmanqj,Roderich,Bestman,rbestmanqj@examiner.com
ylashmoreqk,Yurik,Lashmore,ylashmoreqk@1688.com
phasleyql,Peadar,Hasley,phasleyql@mail.ru
lsurcombeqm,Leroy,Surcombe,lsurcombeqm@europa.eu
hchaytorqn,Humbert,Chaytor,hchaytorqn@zimbio.com
eschermickqo,Elijah,Schermick,eschermickqo@blinklist.com
fdedmamqp,Freddie,Dedmam,fdedmamqp@github.io
lbillowsqq,Lauralee,Billows,lbillowsqq@free.fr
iclereqr,Ivan,Clere,iclereqr@china.com.cn
egardenerqs,Emlynn,Gardener,egardenerqs@livejournal.com
dbrightqt,Darcy,Bright,dbrightqt@flavors.me
jmaccurlyequ,Jareb,MacCurlye,jmaccurlyequ@google.pl
asemirazqv,Arnie,Semiraz,asemirazqv@tuttocitta.it
hqueenqw,Hermann,Queen,hqueenqw@vk.com
nfarrearqx,Natalina,Farrear,nfarrearqx@cbc.ca
lkaremanqy,Letisha,Kareman,lkaremanqy@youtube.com
nlynaghqz,Niles,Lynagh,nlynaghqz@hibu.com
gtrumanr0,Gladys,Truman,gtrumanr0@dell.com
fgogertyr1,Flem,Gogerty,fgogertyr1@artisteer.com
rfossordr2,Rosene,Fossord,rfossordr2@sina.com.cn
athickinsr3,Alia,Thickins,athickinsr3@hud.gov
abodsworthr4,Aleece,Bodsworth,abodsworthr4@bluehost.com
dduffilr5,Dione,Duffil,dduffilr5@feedburner.com
askater6,Aggie,Skate,askater6@bluehost.com
rwinsonr7,Raina,Winson,rwinsonr7@nasa.gov
acarrickr8,Ailsun,Carrick,acarrickr8@so-net.ne.jp
ahucksterr9,Angeli,Huckster,ahucksterr9@4shared.com
dbullarra,Davidson,Bullar,dbullarra@dropbox.com
bkerrrb,Baird,Kerr,bkerrrb@barnesandnoble.com
cmcrobbrc,Colet,McRobb,cmcrobbrc@issuu.com
pstigglesrd,Perri,Stiggles,pstigglesrd@shinystat.com
dcorcutre,Dal,Corcut,dcorcutre@marketwatch.com
gburkinrf,Gerri,Burkin,gburkinrf@dailymail.co.uk
nbynoldrg,Nomi,Bynold,nbynoldrg@geocities.jp
tcoerh,Tandi,Coe,tcoerh@cloudflare.com
gguilliattri,Geordie,Guilliatt,gguilliattri@washington.edu
nnewlanrj,Nertie,Newlan,nnewlanrj@google.com.au
bpalekrk,Barbaraanne,Palek,bpalekrk@cmu.edu
kreimsrl,Kevon,Reims,kreimsrl@fema.gov
lkneelrm,Lindsey,Kneel,lkneelrm@yahoo.co.jp
sdelacroixrn,Sibylle,Delacroix,sdelacroixrn@google.es
dcaukillro,Darcie,Caukill,dcaukillro@clickbank.net
dpottesrp,Dixie,Pottes,dpottesrp@miibeian.gov.cn
broglierorq,Binni,Rogliero,broglierorq@businesswire.com
vpfeiferrr,Vin,Pfeifer,vpfeiferrr@mozilla.org
